name,date,number,description
Paul,28/08/1981,33,"Vivamus id ligula rutrum, this man is the greatest there ever was."
Troy,28/02/1982,85,"Maecenas vitae ultricies purus, id posuere sem. Mauris."
Tom,15/03/1982,37,Maecenas a velit metus. Duis malesuada ligula et.
Liam,22/06/1982,35,"Nulla mollis sodales ligula, eget ultrices augue condimentum."
Jared,30/09/1984,61,Mauris at pulvinar ex. Vivamus quis aliquam arcu.
Jonathan,13/05/1985,79,Integer vitae est vel diam aliquet venenatis sit.
Andrija,14/05/1987,19,"Aenean tincidunt tellus neque, ut vulputate ante rhoncus."
Robert,25/06/1988,34,Pellentesque eget tincidunt nunc. Donec in risus leo.
Jovan,24/04/1992,75,Sed ac porta lorem. Morbi sollicitudin accumsan odio.
William,3/01/1993,2,Donec at lorem dictum lectus tincidunt tempor. Sed.
Federico,14/01/1994,85,"Morbi rhoncus ligula nec diam pretium, et elementum."
Feleti,18/03/1996,20,"Mauris mauris dui, viverra vel erat a, molestie."
Brendan,4/04/1996,16,Morbi id quam sed orci laoreet venenatis. Sed.
Michael,15/08/1996,57,"Curabitur dapibus accumsan enim, eu sodales sem bibendum."
Tomas,1/02/1997,29,Proin ac congue ante. Fusce cursus tincidunt urna.
David,2/06/1998,6,"Integer gravida vulputate sapien, id commodo risus imperdiet."
Vivian,17/10/1998,9,Ut porta semper erat. In feugiat felis augue.
Patrick,8/02/1999,40,"Praesent vel tincidunt metus, at venenatis dolor. Duis."
Sentia,28/03/1999,74,"Etiam in felis interdum, mattis nunc ac, congue."
Abcdefg,9/10/1999,36,"Mauris euismod vestibulum auctor. Quisque neque metus, tristique."
